trial,channel,true_ratio,value_large,value_small,reader_estimate,absolute_error,reprompted,reader
1,position,0.15,76,11.4,25.0,0.1,False,Sami (self-test)
2,position,0.25,59,14.75,27.0,0.020000000000000018,False,Sami (self-test)
3,position,0.4,76,30.4,20.0,0.2,False,Sami (self-test)
4,position,0.55,68,37.4,26.0,0.29000000000000004,False,Sami (self-test)
5,position,0.7,61,42.7,7.0,0.6299999999999999,False,Sami (self-test)
6,position,0.85,64,54.4,13.0,0.72,False,Sami (self-test)
7,length,0.15,70,10.5,14.0,0.009999999999999981,False,Sami (self-test)
8,length,0.25,86,21.5,12.0,0.13,False,Sami (self-test)
9,length,0.4,78,31.2,8.0,0.32,False,Sami (self-test)
10,length,0.55,48,26.4,4.0,0.51,False,Sami (self-test)
11,length,0.7,88,61.6,19.0,0.51,False,Sami (self-test)
12,length,0.85,48,40.8,28.0,0.57,False,Sami (self-test)
13,angle,0.15,72,10.8,9.0,0.06,False,Sami (self-test)
14,angle,0.25,80,20.0,16.0,0.09,False,Sami (self-test)
15,angle,0.4,69,27.6,2.0,0.38,False,Sami (self-test)
16,angle,0.55,88,48.4,11.0,0.44000000000000006,False,Sami (self-test)
17,angle,0.7,68,47.6,29.0,0.41,False,Sami (self-test)
18,angle,0.85,82,69.7,5.0,0.7999999999999999,False,Sami (self-test)
19,area,0.15,68,10.2,18.0,0.03,False,Sami (self-test)
20,area,0.25,49,12.25,15.0,0.1,False,Sami (self-test)
21,area,0.4,86,34.4,3.0,0.37,False,Sami (self-test)
22,area,0.55,60,33.0,17.0,0.38,False,Sami (self-test)
23,area,0.7,45,31.5,21.0,0.49,False,Sami (self-test)
24,area,0.85,79,67.15,6.0,0.79,False,Sami (self-test)
25,colour,0.15,82,12.3,30.0,0.15,False,Sami (self-test)
26,colour,0.25,79,19.75,23.0,0.01999999999999999,False,Sami (self-test)
27,colour,0.4,66,26.4,15.0,0.25,False,Sami (self-test)
28,colour,0.55,64,35.2,22.0,0.33000000000000007,False,Sami (self-test)
29,colour,0.7,54,37.8,10.0,0.6,False,Sami (self-test)
30,colour,0.85,65,55.25,24.0,0.61,False,Sami (self-test)
