reader,trial,condition,set_size,target_present,response,rt_ms,reprompted,correct
Sami (self-test),10,colour,16,no,y,126037.4,True,False
Sami (self-test),4,colour,9,no,y,121633.1,False,False
Sami (self-test),13,colour,25,yes,y,1828.8,False,True
Sami (self-test),28,colour,49,no,y,1310.9,False,False
Sami (self-test),25,colour,49,yes,y,1856.4,False,True
Sami (self-test),22,colour,36,no,y,1079.0,False,False
Sami (self-test),19,colour,36,yes,y,1252.6,False,True
Sami (self-test),16,colour,25,no,y,2203.0,False,False
Sami (self-test),7,colour,16,yes,y,810.6,False,True
Sami (self-test),1,colour,9,yes,y,2463.5,False,True
Sami (self-test),31,shape,9,yes,y,32331.6,False,True
Sami (self-test),55,shape,49,yes,y,13656.2,False,True
Sami (self-test),37,shape,16,yes,y,2658.7,False,True
Sami (self-test),49,shape,36,yes,y,1431.8,False,True
Sami (self-test),40,shape,16,no,n,2624.0,False,True
Sami (self-test),58,shape,49,no,n,2381.5,False,True
Sami (self-test),46,shape,25,no,n,1148.4,False,True
Sami (self-test),52,shape,36,no,n,1416.2,False,True
Sami (self-test),43,shape,25,yes,y,1318.1,False,True
Sami (self-test),34,shape,9,no,n,1782.9,False,True
Sami (self-test),70,conjunction,16,no,n,22756.3,False,True
Sami (self-test),79,conjunction,36,yes,y,3602.8,False,True
Sami (self-test),82,conjunction,36,no,n,2539.4,False,True
Sami (self-test),88,conjunction,49,no,n,5509.0,False,True
Sami (self-test),64,conjunction,9,no,n,1606.4,False,True
Sami (self-test),76,conjunction,25,no,n,1906.2,False,True
Sami (self-test),73,conjunction,25,yes,y,1207.9,False,True
Sami (self-test),61,conjunction,9,yes,y,1553.8,False,True
Sami (self-test),85,conjunction,49,yes,y,1127.5,False,True
Sami (self-test),67,conjunction,16,yes,y,768.1,False,True
